trends,started,volume
"brett james","200K+ searches·trending_upActive·20h ago","200K+ searches·","200K+ searches","·","trending_upActive","Active","·20h ago","·","20h ago","200K+arrow_upward1,000%","200K+","arrow_upward1,000%","1,000%","20 hours ago","trending_upActive","trending_upActive","Active","brett james plane crashbrett james plane crashSearch termquery_statsExplorebrett james songsbrett james songsSearch termquery_statsExplore+ 9 more","brett james plane crashbrett james plane crashSearch termquery_statsExplore","brett james plane crashbrett james plane crashSearch termquery_statsExplore","brett james plane crashSearch termquery_statsExplore","brett james plane crashSearch termquery_statsExplore","brett james plane crashSearch termquery_statsExplore","brett james plane crashSearch termquery_statsExplore","brett james plane crashSearch termquery_statsExplore","brett james plane crashSearch term","brett james plane crashSearch term","brett james plane crash","Search term","query_statsExplore","query_statsExplore","query_statsExplore","query_statsExplore","brett james songsbrett james songsSearch termquery_statsExplore","brett james songsbrett james songsSearch termquery_statsExplore","brett james songsSearch termquery_statsExplore","brett james songsSearch termquery_statsExplore","brett james songsSearch termquery_statsExplore","brett james songsSearch termquery_statsExplore","brett james songsSearch termquery_statsExplore","brett james songsSearch term","brett james songsSearch term","brett james songs","Search term","query_statsExplore","query_statsExplore","query_statsExplore","query_statsExplore","more_vertMore actionschecklistSelectquery_statsExploreSearch it","more_vertMore actions","More actions","checklistSelectquery_statsExploreSearch it","checklistSelectquery_statsExploreSearch it","checklistSelectquery_statsExploreSearch it"
"travis decker","100K+ searches·trending_upActive·18h ago","100K+ searches·","100K+ searches","·","trending_upActive","Active","·18h ago","·","18h ago","100K+arrow_upward1,000%","100K+","arrow_upward1,000%","1,000%","18 hours ago","trending_upActive","trending_upActive","Active","travis decker updatetravis decker updateSearch termquery_statsExploretravis decker foundtravis decker foundSearch termquery_statsExplore","travis decker updatetravis decker updateSearch termquery_statsExplore","travis decker updatetravis decker updateSearch termquery_statsExplore","travis decker updateSearch termquery_statsExplore","travis decker updateSearch termquery_statsExplore","travis decker updateSearch termquery_statsExplore","travis decker updateSearch termquery_statsExplore","travis decker updateSearch termquery_statsExplore","travis decker updateSearch term","travis decker updateSearch term","travis decker update","Search term","query_statsExplore","query_statsExplore","query_statsExplore","query_statsExplore","travis decker foundtravis decker foundSearch termquery_statsExplore","travis decker foundtravis decker foundSearch termquery_statsExplore","travis decker foundSearch termquery_statsExplore","travis decker foundSearch termquery_statsExplore","travis decker foundSearch termquery_statsExplore","travis decker foundSearch termquery_statsExplore","travis decker foundSearch termquery_statsExplore","travis decker foundSearch term","travis decker foundSearch term","travis decker found","Search term","query_statsExplore","query_statsExplore","query_statsExplore","query_statsExplore","more_vertMore actionschecklistSelectquery_statsExploreSearch it","more_vertMore actions","More actions","checklistSelectquery_statsExploreSearch it","checklistSelectquery_statsExploreSearch it","checklistSelectquery_statsExploreSearch it"
"h1b","50K+ searches·trending_upActive·3h ago","50K+ searches·","50K+ searches","·","trending_upActive","Active","·3h ago","·","3h ago","50K+arrow_upward1,000%","50K+","arrow_upward1,000%","1,000%","3 hours ago","trending_upActive","trending_upActive","Active","h1b visah1b visaSearch termquery_statsExploretrump h1btrump h1bSearch termquery_statsExploreh1b newsh1b newsSearch termquery_statsExplore+ 14 more","h1b visah1b visaSearch termquery_statsExplore","h1b visah1b visaSearch termquery_statsExplore","h1b visaSearch termquery_statsExplore","h1b visaSearch termquery_statsExplore","h1b visaSearch termquery_statsExplore","h1b visaSearch termquery_statsExplore","h1b visaSearch termquery_statsExplore","h1b visaSearch term","h1b visaSearch term","h1b visa","Search term","query_statsExplore","query_statsExplore","query_statsExplore","query_statsExplore","trump h1btrump h1bSearch termquery_statsExplore","trump h1btrump h1bSearch termquery_statsExplore","trump h1bSearch termquery_statsExplore","trump h1bSearch termquery_statsExplore","trump h1bSearch termquery_statsExplore","trump h1bSearch termquery_statsExplore","trump h1bSearch termquery_statsExplore","trump h1bSearch term","trump h1bSearch term","trump h1b","Search term","query_statsExplore","query_statsExplore","query_statsExplore","query_statsExplore","h1b newsh1b newsSearch termquery_statsExplore","h1b newsh1b newsSearch termquery_statsExplore","h1b newsSearch termquery_statsExplore","h1b newsSearch termquery_statsExplore","h1b newsSearch termquery_statsExplore","h1b newsSearch termquery_statsExplore","h1b newsSearch termquery_statsExplore","h1b newsSearch term","h1b newsSearch term","h1b news","Search term","query_statsExplore","query_statsExplore","query_statsExplore","query_statsExplore","more_vertMore actionschecklistSelectquery_statsExploreSearch it","more_vertMore actions","More actions","checklistSelectquery_statsExploreSearch it","checklistSelectquery_statsExploreSearch it","checklistSelectquery_statsExploreSearch it"
"betis - real sociedad","20K+ searches·trending_upActive·3h ago","20K+ searches·","20K+ searches","·","trending_upActive","Active","·3h ago","·","3h ago","20K+arrow_upward1,000%","20K+","arrow_upward1,000%","1,000%","3 hours ago","trending_upActive","trending_upActive","Active","real betisreal betisSearch termquery_statsExplorebetisbetisSearch termquery_statsExplore","real betisreal betisSearch termquery_statsExplore","real betisreal betisSearch termquery_statsExplore","real betisSearch termquery_statsExplore","real betisSearch termquery_statsExplore","real betisSearch termquery_statsExplore","real betisSearch termquery_statsExplore","real betisSearch termquery_statsExplore","real betisSearch term","real betisSearch term","real betis","Search term","query_statsExplore","query_statsExplore","query_statsExplore","query_statsExplore","betisbetisSearch termquery_statsExplore","betisbetisSearch termquery_statsExplore","betisSearch termquery_statsExplore","betisSearch termquery_statsExplore","betisSearch termquery_statsExplore","betisSearch termquery_statsExplore","betisSearch termquery_statsExplore","betisSearch term","betisSearch term","betis","Search term","query_statsExplore","query_statsExplore","query_statsExplore","query_statsExplore","more_vertMore actionschecklistSelectquery_statsExploreSearch it","more_vertMore actions","More actions","checklistSelectquery_statsExploreSearch it","checklistSelectquery_statsExploreSearch it","checklistSelectquery_statsExploreSearch it"
"release party of a showgirl","200K+ searches·trending_upActive·5h ago","200K+ searches·","200K+ searches","·","trending_upActive","Active","·5h ago","·","5h ago","200K+arrow_upward1,000%","200K+","arrow_upward1,000%","1,000%","5 hours ago","trending_upActive","trending_upActive","Active","taylor swift movietaylor swift movieSearch termquery_statsExplorelife of a showgirl movielife of a showgirl movieSearch termquery_statsExplore+ 31 more","taylor swift movietaylor swift movieSearch termquery_statsExplore","taylor swift movietaylor swift movieSearch termquery_statsExplore","taylor swift movieSearch termquery_statsExplore","taylor swift movieSearch termquery_statsExplore","taylor swift movieSearch termquery_statsExplore","taylor swift movieSearch termquery_statsExplore","taylor swift movieSearch termquery_statsExplore","taylor swift movieSearch term","taylor swift movieSearch term","taylor swift movie","Search term","query_statsExplore","query_statsExplore","query_statsExplore","query_statsExplore","life of a showgirl movielife of a showgirl movieSearch termquery_statsExplore","life of a showgirl movielife of a showgirl movieSearch termquery_statsExplore","life of a showgirl movieSearch termquery_statsExplore","life of a showgirl movieSearch termquery_statsExplore","life of a showgirl movieSearch termquery_statsExplore","life of a showgirl movieSearch termquery_statsExplore","life of a showgirl movieSearch termquery_statsExplore","life of a showgirl movieSearch term","life of a showgirl movieSearch term","life of a showgirl movie","Search term","query_statsExplore","query_statsExplore","query_statsExplore","query_statsExplore","more_vertMore actionschecklistSelectquery_statsExploreSearch it","more_vertMore actions","More actions","checklistSelectquery_statsExploreSearch it","checklistSelectquery_statsExploreSearch it","checklistSelectquery_statsExploreSearch it"
"real betis vs real sociedad","20K+ searches·trending_upActive·3h ago","20K+ searches·","20K+ searches","·","trending_upActive","Active","·3h ago","·","3h ago","20K+arrow_upward1,000%","20K+","arrow_upward1,000%","1,000%","3 hours ago","trending_upActive","trending_upActive","Active","betis vs real sociedadbetis vs real sociedadSearch termquery_statsExplore","betis vs real sociedadbetis vs real sociedadSearch termquery_statsExplore","betis vs real sociedadbetis vs real sociedadSearch termquery_statsExplore","betis vs real sociedadSearch termquery_statsExplore","betis vs real sociedadSearch termquery_statsExplore","betis vs real sociedadSearch termquery_statsExplore","betis vs real sociedadSearch termquery_statsExplore","betis vs real sociedadSearch termquery_statsExplore","betis vs real sociedadSearch term","betis vs real sociedadSearch term","betis vs real sociedad","Search term","query_statsExplore","query_statsExplore","query_statsExplore","query_statsExplore","more_vertMore actionschecklistSelectquery_statsExploreSearch it","more_vertMore actions","More actions","checklistSelectquery_statsExploreSearch it","checklistSelectquery_statsExploreSearch it","checklistSelectquery_statsExploreSearch it"
"india vs oman","50K+ searches·trending_upActive·8h ago","50K+ searches·","50K+ searches","·","trending_upActive","Active","·8h ago","·","8h ago","50K+arrow_upward1,000%","50K+","arrow_upward1,000%","1,000%","8 hours ago","trending_upActive","trending_upActive","Active","ind vs omanind vs omanSearch termquery_statsExploreind vs omaind vs omaSearch termquery_statsExplore+ 5 more","ind vs omanind vs omanSearch termquery_statsExplore","ind vs omanind vs omanSearch termquery_statsExplore","ind vs omanSearch termquery_statsExplore","ind vs omanSearch termquery_statsExplore","ind vs omanSearch termquery_statsExplore","ind vs omanSearch termquery_statsExplore","ind vs omanSearch termquery_statsExplore","ind vs omanSearch term","ind vs omanSearch term","ind vs oman","Search term","query_statsExplore","query_statsExplore","query_statsExplore","query_statsExplore","ind vs omaind vs omaSearch termquery_statsExplore","ind vs omaind vs omaSearch termquery_statsExplore","ind vs omaSearch termquery_statsExplore","ind vs omaSearch termquery_statsExplore","ind vs omaSearch termquery_statsExplore","ind vs omaSearch termquery_statsExplore","ind vs omaSearch termquery_statsExplore","ind vs omaSearch term","ind vs omaSearch term","ind vs oma","Search term","query_statsExplore","query_statsExplore","query_statsExplore","query_statsExplore","more_vertMore actionschecklistSelectquery_statsExploreSearch it","more_vertMore actions","More actions","checklistSelectquery_statsExploreSearch it","checklistSelectquery_statsExploreSearch it","checklistSelectquery_statsExploreSearch it"
"miami dolphins vs buffalo bills","1M+ searches·trending_upActive·23h ago","1M+ searches·","1M+ searches","·","trending_upActive","Active","·23h ago","·","23h ago","1M+arrow_upward700%","1M+","arrow_upward700%","700%","23 hours ago","trending_upActive","trending_upActive","Active","mike mcdanielmike mcdanielSearch termquery_statsExplorebillsbillsSearch termquery_statsExploremiami dolphinsmiami dolphinsSearch termquery_statsExplore+ 122 more","mike mcdanielmike mcdanielSearch termquery_statsExplore","mike mcdanielmike mcdanielSearch termquery_statsExplore","mike mcdanielSearch termquery_statsExplore","mike mcdanielSearch termquery_statsExplore","mike mcdanielSearch termquery_statsExplore","mike mcdanielSearch termquery_statsExplore","mike mcdanielSearch termquery_statsExplore","mike mcdanielSearch term","mike mcdanielSearch term","mike mcdaniel","Search term","query_statsExplore","query_statsExplore","query_statsExplore","query_statsExplore","billsbillsSearch termquery_statsExplore","billsbillsSearch termquery_statsExplore","billsSearch termquery_statsExplore","billsSearch termquery_statsExplore","billsSearch termquery_statsExplore","billsSearch termquery_statsExplore","billsSearch termquery_statsExplore","billsSearch term","billsSearch term","bills","Search term","query_statsExplore","query_statsExplore","query_statsExplore","query_statsExplore","miami dolphinsmiami dolphinsSearch termquery_statsExplore","miami dolphinsmiami dolphinsSearch termquery_statsExplore","miami dolphinsSearch termquery_statsExplore","miami dolphinsSearch termquery_statsExplore","miami dolphinsSearch termquery_statsExplore","miami dolphinsSearch termquery_statsExplore","miami dolphinsSearch termquery_statsExplore","miami dolphinsSearch term","miami dolphinsSearch term","miami dolphins","Search term","query_statsExplore","query_statsExplore","query_statsExplore","query_statsExplore","more_vertMore actionschecklistSelectquery_statsExploreSearch it","more_vertMore actions","More actions","checklistSelectquery_statsExploreSearch it","checklistSelectquery_statsExploreSearch it","checklistSelectquery_statsExploreSearch it"
"oklo stock","20K+ searches·trending_upActive·8h ago","20K+ searches·","20K+ searches","·","trending_upActive","Active","·8h ago","·","8h ago","20K+arrow_upward400%","20K+","arrow_upward400%","400%","8 hours ago","trending_upActive","trending_upActive","Active","oklookloSearch termquery_statsExploreoklo stock priceoklo stock priceSearch termquery_statsExplore","oklookloSearch termquery_statsExplore","oklookloSearch termquery_statsExplore","okloSearch termquery_statsExplore","okloSearch termquery_statsExplore","okloSearch termquery_statsExplore","okloSearch termquery_statsExplore","okloSearch termquery_statsExplore","okloSearch term","okloSearch term","oklo","Search term","query_statsExplore","query_statsExplore","query_statsExplore","query_statsExplore","oklo stock priceoklo stock priceSearch termquery_statsExplore","oklo stock priceoklo stock priceSearch termquery_statsExplore","oklo stock priceSearch termquery_statsExplore","oklo stock priceSearch termquery_statsExplore","oklo stock priceSearch termquery_statsExplore","oklo stock priceSearch termquery_statsExplore","oklo stock priceSearch termquery_statsExplore","oklo stock priceSearch term","oklo stock priceSearch term","oklo stock price","Search term","query_statsExplore","query_statsExplore","query_statsExplore","query_statsExplore","more_vertMore actionschecklistSelectquery_statsExploreSearch it","more_vertMore actions","More actions","checklistSelectquery_statsExploreSearch it","checklistSelectquery_statsExploreSearch it","checklistSelectquery_statsExploreSearch it"
"in whose name","20K+ searches·trending_upActive·23h ago","20K+ searches·","20K+ searches","·","trending_upActive","Active","·23h ago","·","23h ago","20K+arrow_upward200%","20K+","arrow_upward200%","200%","23 hours ago","trending_upActive","trending_upActive","Active","kanye west documentarykanye west documentarySearch termquery_statsExplorekanye documentary 2025kanye documentary 2025Search termquery_statsExplore+ 3 more","kanye west documentarykanye west documentarySearch termquery_statsExplore","kanye west documentarykanye west documentarySearch termquery_statsExplore","kanye west documentarySearch termquery_statsExplore","kanye west documentarySearch termquery_statsExplore","kanye west documentarySearch termquery_statsExplore","kanye west documentarySearch termquery_statsExplore","kanye west documentarySearch termquery_statsExplore","kanye west documentarySearch term","kanye west documentarySearch term","kanye west documentary","Search term","query_statsExplore","query_statsExplore","query_statsExplore","query_statsExplore","kanye documentary 2025kanye documentary 2025Search termquery_statsExplore","kanye documentary 2025kanye documentary 2025Search termquery_statsExplore","kanye documentary 2025Search termquery_statsExplore","kanye documentary 2025Search termquery_statsExplore","kanye documentary 2025Search termquery_statsExplore","kanye documentary 2025Search termquery_statsExplore","kanye documentary 2025Search termquery_statsExplore","kanye documentary 2025Search term","kanye documentary 2025Search term","kanye documentary 2025","Search term","query_statsExplore","query_statsExplore","query_statsExplore","query_statsExplore","more_vertMore actionschecklistSelectquery_statsExploreSearch it","more_vertMore actions","More actions","checklistSelectquery_statsExploreSearch it","checklistSelectquery_statsExploreSearch it","checklistSelectquery_statsExploreSearch it"
"tyriq withers","20K+ searches·trending_upActive·19h ago","20K+ searches·","20K+ searches","·","trending_upActive","Active","·19h ago","·","19h ago","20K+arrow_upward300%","20K+","arrow_upward300%","300%","19 hours ago","trending_upActive","trending_upActive","Active","him movie reviewhim movie reviewSearch termquery_statsExplorehim movie reviewshim movie reviewsSearch termquery_statsExplore+ 5 more","him movie reviewhim movie reviewSearch termquery_statsExplore","him movie reviewhim movie reviewSearch termquery_statsExplore","him movie reviewSearch termquery_statsExplore","him movie reviewSearch termquery_statsExplore","him movie reviewSearch termquery_statsExplore","him movie reviewSearch termquery_statsExplore","him movie reviewSearch termquery_statsExplore","him movie reviewSearch term","him movie reviewSearch term","him movie review","Search term","query_statsExplore","query_statsExplore","query_statsExplore","query_statsExplore","him movie reviewshim movie reviewsSearch termquery_statsExplore","him movie reviewshim movie reviewsSearch termquery_statsExplore","him movie reviewsSearch termquery_statsExplore","him movie reviewsSearch termquery_statsExplore","him movie reviewsSearch termquery_statsExplore","him movie reviewsSearch termquery_statsExplore","him movie reviewsSearch termquery_statsExplore","him movie reviewsSearch term","him movie reviewsSearch term","him movie reviews","Search term","query_statsExplore","query_statsExplore","query_statsExplore","query_statsExplore","more_vertMore actionschecklistSelectquery_statsExploreSearch it","more_vertMore actions","More actions","checklistSelectquery_statsExploreSearch it","checklistSelectquery_statsExploreSearch it","checklistSelectquery_statsExploreSearch it"
"estonia","10K+ searches·trending_upActive·7h ago","10K+ searches·","10K+ searches","·","trending_upActive","Active","·7h ago","·","7h ago","10K+arrow_upward300%","10K+","arrow_upward300%","300%","7 hours ago","trending_upActive","trending_upActive","Active","russian jets estonian airspace violationrussian jets estonian airspace violationSearch termquery_statsExplore","russian jets estonian airspace violationrussian jets estonian airspace violationSearch termquery_statsExplore","russian jets estonian airspace violationrussian jets estonian airspace violationSearch termquery_statsExplore","russian jets estonian airspace violationSearch termquery_statsExplore","russian jets estonian airspace violationSearch termquery_statsExplore","russian jets estonian airspace violationSearch termquery_statsExplore","russian jets estonian airspace violationSearch termquery_statsExplore","russian jets estonian airspace violationSearch termquery_statsExplore","russian jets estonian airspace violationSearch term","russian jets estonian airspace violationSearch term","russian jets estonian airspace violation","Search term","query_statsExplore","query_statsExplore","query_statsExplore","query_statsExplore","more_vertMore actionschecklistSelectquery_statsExploreSearch it","more_vertMore actions","More actions","checklistSelectquery_statsExploreSearch it","checklistSelectquery_statsExploreSearch it","checklistSelectquery_statsExploreSearch it"
"dfw airport","10K+ searches·trending_upActive·2h ago","10K+ searches·","10K+ searches","·","trending_upActive","Active","·2h ago","·","2h ago","10K+arrow_upward400%","10K+","arrow_upward400%","400%","2 hours ago","trending_upActive","trending_upActive","Active","dallas airportsdallas airportsSearch termquery_statsExploredfwdfwSearch termquery_statsExploredallas airportdallas airportSearch termquery_statsExplore+ 1 more","dallas airportsdallas airportsSearch termquery_statsExplore","dallas airportsdallas airportsSearch termquery_statsExplore","dallas airportsSearch termquery_statsExplore","dallas airportsSearch termquery_statsExplore","dallas airportsSearch termquery_statsExplore","dallas airportsSearch termquery_statsExplore","dallas airportsSearch termquery_statsExplore","dallas airportsSearch term","dallas airportsSearch term","dallas airports","Search term","query_statsExplore","query_statsExplore","query_statsExplore","query_statsExplore","dfwdfwSearch termquery_statsExplore","dfwdfwSearch termquery_statsExplore","dfwSearch termquery_statsExplore","dfwSearch termquery_statsExplore","dfwSearch termquery_statsExplore","dfwSearch termquery_statsExplore","dfwSearch termquery_statsExplore","dfwSearch term","dfwSearch term","dfw","Search term","query_statsExplore","query_statsExplore","query_statsExplore","query_statsExplore","dallas airportdallas airportSearch termquery_statsExplore","dallas airportdallas airportSearch termquery_statsExplore","dallas airportSearch termquery_statsExplore","dallas airportSearch termquery_statsExplore","dallas airportSearch termquery_statsExplore","dallas airportSearch termquery_statsExplore","dallas airportSearch termquery_statsExplore","dallas airportSearch term","dallas airportSearch term","dallas airport","Search term","query_statsExplore","query_statsExplore","query_statsExplore","query_statsExplore","more_vertMore actionschecklistSelectquery_statsExploreSearch it","more_vertMore actions","More actions","checklistSelectquery_statsExploreSearch it","checklistSelectquery_statsExploreSearch it","checklistSelectquery_statsExploreSearch it"
"raja jackson","20K+ searches·trending_upActive·18h ago","20K+ searches·","20K+ searches","·","trending_upActive","Active","·18h ago","·","18h ago","20K+arrow_upward1,000%","20K+","arrow_upward1,000%","1,000%","18 hours ago","trending_upActive","trending_upActive","Active","more_vertMore actionschecklistSelectquery_statsExploreSearch it","more_vertMore actions","More actions","checklistSelectquery_statsExploreSearch it","checklistSelectquery_statsExploreSearch it","checklistSelectquery_statsExploreSearch it"
"jon stewart daily show","50K+ searches·trending_upActive·22h ago","50K+ searches·","50K+ searches","·","trending_upActive","Active","·22h ago","·","22h ago","50K+arrow_upward200%","50K+","arrow_upward200%","200%","22 hours ago","trending_upActive","trending_upActive","Active","tatiana maslanytatiana maslanySearch termquery_statsExploremichael eisnermichael eisnerSearch termquery_statsExploredisney plus canceldisney plus cancelSearch termquery_statsExplore+ 28 more","tatiana maslanytatiana maslanySearch termquery_statsExplore","tatiana maslanytatiana maslanySearch termquery_statsExplore","tatiana maslanySearch termquery_statsExplore","tatiana maslanySearch termquery_statsExplore","tatiana maslanySearch termquery_statsExplore","tatiana maslanySearch termquery_statsExplore","tatiana maslanySearch termquery_statsExplore","tatiana maslanySearch term","tatiana maslanySearch term","tatiana maslany","Search term","query_statsExplore","query_statsExplore","query_statsExplore","query_statsExplore","michael eisnermichael eisnerSearch termquery_statsExplore","michael eisnermichael eisnerSearch termquery_statsExplore","michael eisnerSearch termquery_statsExplore","michael eisnerSearch termquery_statsExplore","michael eisnerSearch termquery_statsExplore","michael eisnerSearch termquery_statsExplore","michael eisnerSearch termquery_statsExplore","michael eisnerSearch term","michael eisnerSearch term","michael eisner","Search term","query_statsExplore","query_statsExplore","query_statsExplore","query_statsExplore","disney plus canceldisney plus cancelSearch termquery_statsExplore","disney plus canceldisney plus cancelSearch termquery_statsExplore","disney plus cancelSearch termquery_statsExplore","disney plus cancelSearch termquery_statsExplore","disney plus cancelSearch termquery_statsExplore","disney plus cancelSearch termquery_statsExplore","disney plus cancelSearch termquery_statsExplore","disney plus cancelSearch term","disney plus cancelSearch term","disney plus cancel","Search term","query_statsExplore","query_statsExplore","query_statsExplore","query_statsExplore","more_vertMore actionschecklistSelectquery_statsExploreSearch it","more_vertMore actions","More actions","checklistSelectquery_statsExploreSearch it","checklistSelectquery_statsExploreSearch it","checklistSelectquery_statsExploreSearch it"
"kat abughazaleh","10K+ searches·trending_upActive·5h ago","10K+ searches·","10K+ searches","·","trending_upActive","Active","·5h ago","·","5h ago","10K+arrow_upward300%","10K+","arrow_upward300%","300%","5 hours ago","trending_upActive","trending_upActive","Active","more_vertMore actionschecklistSelectquery_statsExploreSearch it","more_vertMore actions","More actions","checklistSelectquery_statsExploreSearch it","checklistSelectquery_statsExploreSearch it","checklistSelectquery_statsExploreSearch it"
"october 14","20K+ searches·trending_upActive·23h ago","20K+ searches·","20K+ searches","·","trending_upActive","Active","·23h ago","·","23h ago","20K+arrow_upward100%","20K+","arrow_upward100%","100%","23 hours ago","trending_upActive","trending_upActive","Active","aocaocSearch termquery_statsExplorecharlie kirk birthdaycharlie kirk birthdaySearch termquery_statsExplorecharlie kirk holidaycharlie kirk holidaySearch termquery_statsExplore+ 3 more","aocaocSearch termquery_statsExplore","aocaocSearch termquery_statsExplore","aocSearch termquery_statsExplore","aocSearch termquery_statsExplore","aocSearch termquery_statsExplore","aocSearch termquery_statsExplore","aocSearch termquery_statsExplore","aocSearch term","aocSearch term","aoc","Search term","query_statsExplore","query_statsExplore","query_statsExplore","query_statsExplore","charlie kirk birthdaycharlie kirk birthdaySearch termquery_statsExplore","charlie kirk birthdaycharlie kirk birthdaySearch termquery_statsExplore","charlie kirk birthdaySearch termquery_statsExplore","charlie kirk birthdaySearch termquery_statsExplore","charlie kirk birthdaySearch termquery_statsExplore","charlie kirk birthdaySearch termquery_statsExplore","charlie kirk birthdaySearch termquery_statsExplore","charlie kirk birthdaySearch term","charlie kirk birthdaySearch term","charlie kirk birthday","Search term","query_statsExplore","query_statsExplore","query_statsExplore","query_statsExplore","charlie kirk holidaycharlie kirk holidaySearch termquery_statsExplore","charlie kirk holidaycharlie kirk holidaySearch termquery_statsExplore","charlie kirk holidaySearch termquery_statsExplore","charlie kirk holidaySearch termquery_statsExplore","charlie kirk holidaySearch termquery_statsExplore","charlie kirk holidaySearch termquery_statsExplore","charlie kirk holidaySearch termquery_statsExplore","charlie kirk holidaySearch term","charlie kirk holidaySearch term","charlie kirk holiday","Search term","query_statsExplore","query_statsExplore","query_statsExplore","query_statsExplore","more_vertMore actionschecklistSelectquery_statsExploreSearch it","more_vertMore actions","More actions","checklistSelectquery_statsExploreSearch it","checklistSelectquery_statsExploreSearch it","checklistSelectquery_statsExploreSearch it"
"younghoe koo","10K+ searches·trending_upActive·1h ago","10K+ searches·","10K+ searches","·","trending_upActive","Active","·1h ago","·","1h ago","10K+arrow_upward1,000%","10K+","arrow_upward1,000%","1,000%","1 hour ago","trending_upActive","trending_upActive","Active","kookooSearch termquery_statsExplore","kookooSearch termquery_statsExplore","kookooSearch termquery_statsExplore","kooSearch termquery_statsExplore","kooSearch termquery_statsExplore","kooSearch termquery_statsExplore","kooSearch termquery_statsExplore","kooSearch termquery_statsExplore","kooSearch term","kooSearch term","koo","Search term","query_statsExplore","query_statsExplore","query_statsExplore","query_statsExplore","more_vertMore actionschecklistSelectquery_statsExploreSearch it","more_vertMore actions","More actions","checklistSelectquery_statsExploreSearch it","checklistSelectquery_statsExploreSearch it","checklistSelectquery_statsExploreSearch it"
"the moon venus","20K+ searches·trending_upActive·5h ago","20K+ searches·","20K+ searches","·","trending_upActive","Active","·5h ago","·","5h ago","20K+arrow_upward400%","20K+","arrow_upward400%","400%","5 hours ago","trending_upActive","trending_upActive","Active","what planet is next to the moon tonightwhat planet is next to the moon tonightSearch termquery_statsExplorevenusvenusSearch termquery_statsExplore+ 24 more","what planet is next to the moon tonightwhat planet is next to the moon tonightSearch termquery_statsExplore","what planet is next to the moon tonightwhat planet is next to the moon tonightSearch termquery_statsExplore","what planet is next to the moon tonightSearch termquery_statsExplore","what planet is next to the moon tonightSearch termquery_statsExplore","what planet is next to the moon tonightSearch termquery_statsExplore","what planet is next to the moon tonightSearch termquery_statsExplore","what planet is next to the moon tonightSearch termquery_statsExplore","what planet is next to the moon tonightSearch term","what planet is next to the moon tonightSearch term","what planet is next to the moon tonight","Search term","query_statsExplore","query_statsExplore","query_statsExplore","query_statsExplore","venusvenusSearch termquery_statsExplore","venusvenusSearch termquery_statsExplore","venusSearch termquery_statsExplore","venusSearch termquery_statsExplore","venusSearch termquery_statsExplore","venusSearch termquery_statsExplore","venusSearch termquery_statsExplore","venusSearch term","venusSearch term","venus","Search term","query_statsExplore","query_statsExplore","query_statsExplore","query_statsExplore","more_vertMore actionschecklistSelectquery_statsExploreSearch it","more_vertMore actions","More actions","checklistSelectquery_statsExploreSearch it","checklistSelectquery_statsExploreSearch it","checklistSelectquery_statsExploreSearch it"
"iowa vs rutgers prediction","10K+ searches·trending_upActive·18h ago","10K+ searches·","10K+ searches","·","trending_upActive","Active","·18h ago","·","18h ago","10K+arrow_upward100%","10K+","arrow_upward100%","100%","18 hours ago","trending_upActive","trending_upActive","Active","iowa vs rutgersiowa vs rutgersSearch termquery_statsExplorerutgers vs iowa predictionrutgers vs iowa predictionSearch termquery_statsExplore","iowa vs rutgersiowa vs rutgersSearch termquery_statsExplore","iowa vs rutgersiowa vs rutgersSearch termquery_statsExplore","iowa vs rutgersSearch termquery_statsExplore","iowa vs rutgersSearch termquery_statsExplore","iowa vs rutgersSearch termquery_statsExplore","iowa vs rutgersSearch termquery_statsExplore","iowa vs rutgersSearch termquery_statsExplore","iowa vs rutgersSearch term","iowa vs rutgersSearch term","iowa vs rutgers","Search term","query_statsExplore","query_statsExplore","query_statsExplore","query_statsExplore","rutgers vs iowa predictionrutgers vs iowa predictionSearch termquery_statsExplore","rutgers vs iowa predictionrutgers vs iowa predictionSearch termquery_statsExplore","rutgers vs iowa predictionSearch termquery_statsExplore","rutgers vs iowa predictionSearch termquery_statsExplore","rutgers vs iowa predictionSearch termquery_statsExplore","rutgers vs iowa predictionSearch termquery_statsExplore","rutgers vs iowa predictionSearch termquery_statsExplore","rutgers vs iowa predictionSearch term","rutgers vs iowa predictionSearch term","rutgers vs iowa prediction","Search term","query_statsExplore","query_statsExplore","query_statsExplore","query_statsExplore","more_vertMore actionschecklistSelectquery_statsExploreSearch it","more_vertMore actions","More actions","checklistSelectquery_statsExploreSearch it","checklistSelectquery_statsExploreSearch it","checklistSelectquery_statsExploreSearch it"
"ted cruz","5K+ searches·trending_upActive·3h ago","5K+ searches·","5K+ searches","·","trending_upActive","Active","·3h ago","·","3h ago","5K+arrow_upward400%","5K+","arrow_upward400%","400%","3 hours ago","trending_upActive","trending_upActive","Active","more_vertMore actionschecklistSelectquery_statsExploreSearch it","more_vertMore actions","More actions","checklistSelectquery_statsExploreSearch it","checklistSelectquery_statsExploreSearch it","checklistSelectquery_statsExploreSearch it"
"riot fest 2025","10K+ searches·trending_upActive·22h ago","10K+ searches·","10K+ searches","·","trending_upActive","Active","·22h ago","·","22h ago","10K+arrow_upward75%","10K+","arrow_upward75%","75%","22 hours ago","trending_upActive","trending_upActive","Active","riot festriot festSearch termquery_statsExplore","riot festriot festSearch termquery_statsExplore","riot festriot festSearch termquery_statsExplore","riot festSearch termquery_statsExplore","riot festSearch termquery_statsExplore","riot festSearch termquery_statsExplore","riot festSearch termquery_statsExplore","riot festSearch termquery_statsExplore","riot festSearch term","riot festSearch term","riot fest","Search term","query_statsExplore","query_statsExplore","query_statsExplore","query_statsExplore","more_vertMore actionschecklistSelectquery_statsExploreSearch it","more_vertMore actions","More actions","checklistSelectquery_statsExploreSearch it","checklistSelectquery_statsExploreSearch it","checklistSelectquery_statsExploreSearch it"
"zubeen garg","10K+ searches·trending_upActive·11h ago","10K+ searches·","10K+ searches","·","trending_upActive","Active","·11h ago","·","11h ago","10K+arrow_upward200%","10K+","arrow_upward200%","200%","11 hours ago","trending_upActive","trending_upActive","Active","more_vertMore actionschecklistSelectquery_statsExploreSearch it","more_vertMore actions","More actions","checklistSelectquery_statsExploreSearch it","checklistSelectquery_statsExploreSearch it","checklistSelectquery_statsExploreSearch it"
"gta 6 release date update","5K+ searches·trending_upActive·2h ago","5K+ searches·","5K+ searches","·","trending_upActive","Active","·2h ago","·","2h ago","5K+arrow_upward400%","5K+","arrow_upward400%","400%","2 hours ago","trending_upActive","trending_upActive","Active","gta 6 release dategta 6 release dateSearch termquery_statsExplore","gta 6 release dategta 6 release dateSearch termquery_statsExplore","gta 6 release dategta 6 release dateSearch termquery_statsExplore","gta 6 release dateSearch termquery_statsExplore","gta 6 release dateSearch termquery_statsExplore","gta 6 release dateSearch termquery_statsExplore","gta 6 release dateSearch termquery_statsExplore","gta 6 release dateSearch termquery_statsExplore","gta 6 release dateSearch term","gta 6 release dateSearch term","gta 6 release date","Search term","query_statsExplore","query_statsExplore","query_statsExplore","query_statsExplore","more_vertMore actionschecklistSelectquery_statsExploreSearch it","more_vertMore actions","More actions","checklistSelectquery_statsExploreSearch it","checklistSelectquery_statsExploreSearch it","checklistSelectquery_statsExploreSearch it"
"charlie kirk remembrance day","10K+ searches·trending_upActive·23h ago","10K+ searches·","10K+ searches","·","trending_upActive","Active","·23h ago","·","23h ago","10K+arrow_upward75%","10K+","arrow_upward75%","75%","23 hours ago","trending_upActive","trending_upActive","Active","alex clarkalex clarkSearch termquery_statsExplorecoxcoxSearch termquery_statsExplore","alex clarkalex clarkSearch termquery_statsExplore","alex clarkalex clarkSearch termquery_statsExplore","alex clarkSearch termquery_statsExplore","alex clarkSearch termquery_statsExplore","alex clarkSearch termquery_statsExplore","alex clarkSearch termquery_statsExplore","alex clarkSearch termquery_statsExplore","alex clarkSearch term","alex clarkSearch term","alex clark","Search term","query_statsExplore","query_statsExplore","query_statsExplore","query_statsExplore","coxcoxSearch termquery_statsExplore","coxcoxSearch termquery_statsExplore","coxSearch termquery_statsExplore","coxSearch termquery_statsExplore","coxSearch termquery_statsExplore","coxSearch termquery_statsExplore","coxSearch termquery_statsExplore","coxSearch term","coxSearch term","cox","Search term","query_statsExplore","query_statsExplore","query_statsExplore","query_statsExplore","more_vertMore actionschecklistSelectquery_statsExploreSearch it","more_vertMore actions","More actions","checklistSelectquery_statsExploreSearch it","checklistSelectquery_statsExploreSearch it","checklistSelectquery_statsExploreSearch it"
